labels,scores
sports,0.4690110981464386
breaking news,0.22316484153270721
science and technology,0.10702532529830933
pop culture,0.10447109490633011
politics,0.05739002674818039
finance,0.03893754258751869
